subgroup,R,G,B
BF,0.105882353,0.619607843,0.466666667
SF,0.458823529,0.439215686,0.701960784
UF,0.850980392,0.37254902,0.007843137
